stop_id,eigenvector_centrality
2928,0.2509385075608881
5611,0.23920627071577866
3372,0.22624025862490468
3517,0.21397017091339848
3510B,0.20236554854993932
2595,0.2017060868994472
3506,0.20135237305876233
2397,0.19139030017643266
5407,0.1840941129170732
3514,0.17410981159778646
3515,0.1678148926182053
2948,0.167606646398983
2596,0.16620294132058194
1003,0.1660937912057114
1597B,0.1617475656657231
3518B,0.16156459417276822
3567,0.15950817126442693
3520,0.15196681790610203
2301,0.14782286535407668
6444,0.14128052376676825
2296,0.13694885527864345
2967B,0.13446469328011043
3502,0.1323850796581191
1734,0.13134733856189224
3521,0.1290713691386532
3503,0.12470941880840285
3556,0.12282225591111298
1598B,0.12016833217127437
3557,0.11757175399282954
3558,0.11503313411207405
3559,0.11061116370665969
2964B,0.10659652938647901
3525,0.10635917756201702
2351,0.10227064134022451
3562B,0.09833927188880463
3570,0.09455902758494443
3072,0.09312819732825359
3572,0.0909240990508919
5612,0.08742890022626132
2963,0.08450411628554438
3150,0.08395513304632335
3354,0.07652307106424838
2929,0.07352972350321517
1000,0.06938086007382806
1895,0.06757103188121356
3131,0.06619863780401337
1780,0.049450303174862674
4362,0.04533679612992894
3355,0.03827762565275284
1233,0.03725834176832603
1005,0.035971685141059376
1729,0.034779100297687215
4308,0.03093383311787683
1508,0.030707974713529543
6433,0.028583468922044622
1706,0.02435121788122825
2213,0.02163912518312786
2972,0.02154559812685353
2788,0.02127398042678906
7236,0.0195386429495817
3125,0.019369937400807745
9060,0.019146861269879287
3221,0.01774942180392952
1728,0.016067226857723
1906,0.015563099837174571
1509,0.01485115108685327
4363,0.011805337473312602
9064,0.009577456548996775
1131B,0.008724350842509644
4309,0.008318490483206094
3160,0.007534691092801162
2403,0.006929798724744214
1909,0.006675477030797548
2931,0.006313267295552597
6158,0.005667706879739822
2680,0.00484856040874467
6369,0.004790742078035606
3222,0.0046623813589948635
2578,0.0043811856308487
3546,0.003932784272287979
1001,0.0037478848521185788
3953,0.0035230960169745904
7325,0.0034513565857028647
4364,0.002970975423111799
1733,0.0028949197730839715
3158B,0.002862319786235353
2739,0.002674734253667889
1510,0.002478290266213858
6418,0.0023963783642187426
2215,0.0022710611265004716
4310,0.0022370365397832485
2177,0.0020121991847771013
3081,0.0019826790921550746
6445,0.001863904546160246
2932,0.0018499065892915534
3519,0.0017895818670507384
6464,0.0017629110416578363
4303,0.0016882991181848728
1280B,0.00165838952444474
1135,0.0016565887236606402
1512,0.0015829438337649675
3465,0.00150903048867586
1273,0.001369887273214977
1132,0.0013193908488186121
3223B,0.0012247046792189223
1358,0.0012136331444649556
1910,0.0011780954160782525
1136,0.0011071520038326396
1476,0.0010874950604928286
3624B,0.000982653233430605
1425,0.0008689714662863772
2283,0.0008669512039107373
1063,0.0008643419830016868
4311,0.0008381954792069916
1471,0.000763326145131755
4365,0.0007476867971532482
3122,0.0007158702986056401
2216,0.0006298871532565283
5415,0.0006096565822107736
1569B,0.0006076632304842256
1113,0.000591662864733873
2950,0.0005420575795452945
1318,0.0005380559541870116
3228,0.0005284988841026195
1712,0.0005215934626929269
1513,0.0005167948771629901
2581,0.0005055214189439341
3075,0.00048701908413583284
3155,0.0004852501855061208
1167,0.0004616657966998708
1903,0.00044838742172633345
4401,0.000441644872571627
4304,0.0004269887978512406
6465,0.0004218241049029122
1139,0.00040378852226743533
1402B,0.0003511506829470292
6082,0.00034873651972624705
2920,0.0003479875774141461
2927,0.0003416394541797562
2719,0.0003319212864654702
6210,0.00032938750075939656
1453,0.00031406356081743313
3117,0.0003069785153643508
3080,0.00030236966069258645
3921,0.0002907691041284202
1570,0.0002901947104045458
2051,0.0002854969936589904
1912,0.00027581738821810006
1140,0.000267958825522374
1133,0.000248963582981716
3629,0.00024588090576473066
5416,0.00023603403540308683
1141,0.0002291471260040909
1497B,0.00022236234217607224
3922,0.00021328444215890058
2217,0.0002064291164381191
1441,0.00020135746279500912
4366,0.00018816565841926327
6432,0.00018787083898712096
1582,0.00017780424379878175
1262B,0.0001663219143185726
3226B,0.0001621089308970728
2289,0.00016040876338611283
2934A,0.00015883311165722114
2269,0.00015717879134478712
1514B,0.00015390080797332296
4952,0.00015089621858318844
1776,0.00014321471491299498
3156,0.00014198578745398482
1769B,0.00013885924264315838
1571,0.00013858493606676213
1419,0.000138578224148329
1880,0.00012641146023041264
1168,0.0001250111140631249
4705,0.00012197470455136713
3047,0.00012082179912127508
4367B,0.00011988688150281558
4313,0.0001176765118402265
1983,0.00011147687861826288
1376B,0.00010991711053281157
4305,0.00010799000694051475
1127,0.00010561836752969097
4369,0.00010303961005011994
3954,0.00010247860174859319
1160,9.833528323032804e-05
3451,9.825131718059385e-05
1162C,9.818745624302547e-05
3551,9.562302881466686e-05
1713,9.397833503143104e-05
3183,8.922297826153183e-05
6190,8.878014534724523e-05
4402,8.719133103105562e-05
3120,8.507998852983824e-05
6353,8.022522162923966e-05
1802,7.987170800821025e-05
1124,7.851807435633127e-05
3159,7.743344686997465e-05
2247,7.033677840223255e-05
2218,6.76517688813195e-05
3219,5.763662949927958e-05
1881,5.495720504929141e-05
3358,5.48065010841073e-05
1403,5.468862920487437e-05
6408,5.394086517354894e-05
3366,5.25823240791299e-05
3162,5.202610183878403e-05
2587,5.072731901758077e-05
3225,4.9724429449320106e-05
2074,4.968903772541906e-05
1408,4.909639330985103e-05
3237,4.908918894418312e-05
1913,4.7689358170459366e-05
1981,4.735447401660876e-05
1134,4.6978414670255554e-05
2935,4.654110242716312e-05
1128,4.589039009962623e-05
3952,4.5830222702245364e-05
1138,4.4381996668070835e-05
3062,4.396829616069518e-05
7427,4.1693664429028935e-05
6442,3.965579346303531e-05
3185,3.6638709266087306e-05
1169,3.385084784494733e-05
3412,3.381233968176962e-05
4314,3.0495288725280973e-05
3630,2.816728412032149e-05
4306,2.7311820960407057e-05
2459,2.5482078775723264e-05
3121B,2.4894682225385277e-05
2122,2.385426508203246e-05
2840,2.2713205053468614e-05
3378,2.217110605200601e-05
6451,2.2149811555003874e-05
3956,2.1509949000732636e-05
9296,2.070070889524995e-05
2287,1.99037860667506e-05
1173,1.9601166888628287e-05
1165,1.8781119377470442e-05
4403,1.7213667992339312e-05
1404,1.6956740360543232e-05
6354B,1.6641546785705735e-05
1281,1.6371552883790907e-05
1714,1.636621585057907e-05
1156,1.5680719603419013e-05
1803B,1.5503021787641367e-05
9996,1.5415533615185574e-05
1117,1.5252206466211744e-05
3163,1.5223007138134793e-05
2977,1.5045395735950485e-05
3957,1.4518839715244626e-05
1781,1.3878835809085462e-05
2936,1.3637422276346973e-05
4347,1.359693707398266e-05
2974,1.2914880772437618e-05
2846,1.0549070000512545e-05
6476,1.0519249698085202e-05
2076,1.0460357828740966e-05
3761,1.01735290404222e-05
1237,9.162424044587556e-06
1522,8.657224946570962e-06
3381,8.580656147593813e-06
1914,8.245581967848412e-06
2345,7.947203569360311e-06
4315,7.902703945719205e-06
4556B,7.851748913581865e-06
1159,7.390699570621898e-06
1300,7.364877063394017e-06
5017,7.351556474184755e-06
3377,7.266050952063911e-06
4307,7.111778753052677e-06
1518,6.81713043670561e-06
3272,6.63472222055975e-06
2990,6.178272580712127e-06
3230,6.158750036836125e-06
2781,6.057171526498803e-06
1544,5.404959178445814e-06
1356,5.28369622518281e-06
2744,5.142578036158095e-06
1801,4.6991847812900686e-06
2123,4.665114498099062e-06
3273,4.60241298783779e-06
3164,4.45430155512707e-06
6448,4.451394279209005e-06
2780,4.382622932251218e-06
3899,4.341227382078618e-06
3369,4.252140429511807e-06
2460,4.088167334613908e-06
1220,4.055313484671464e-06
2411B,3.9962305970339955e-06
1227,3.781974285376164e-06
2101,3.689020224504274e-06
3912,3.483414124136126e-06
4408,3.3983925035496384e-06
6449,3.3194779079757004e-06
3274,3.1933597517676583e-06
2305,3.0821712348146737e-06
1157,3.0175431227496e-06
1804,2.9189124205701975e-06
1410,2.876849634044168e-06
1715,2.8501571258755657e-06
3285,2.6770732261539176e-06
2681,2.634111486604535e-06
2783,2.6132065063633914e-06
6058,2.5682426786839573e-06
2997,2.5370586956637617e-06
2323,2.4883803253768452e-06
1181,2.3951667931700513e-06
3550,2.325010223449477e-06
2106,2.258504868189357e-06
2115,2.2020769754076957e-06
1519,2.098133759543631e-06
2124,2.063053262449037e-06
6214,2.0535480975905605e-06
4318,2.0479468227473627e-06
3505,2.0335156817232947e-06
6053,1.9454354689863787e-06
2346,1.8678992689429914e-06
2937B,1.812098481329053e-06
3623B,1.806990677723696e-06
3083,1.7979420307013407e-06
2392,1.6959259031189702e-06
3961,1.6474075915466454e-06
4349,1.571058615714639e-06
1726,1.5449458907074055e-06
3958,1.5449312910053445e-06
3762,1.534916516375358e-06
1915,1.425677018874186e-06
1716,1.3921502863354217e-06
1529,1.3361158060214636e-06
3165,1.3033431676133523e-06
1610,1.30095099343501e-06
3276,1.2473041530677955e-06
2779,1.127398855228367e-06
2125,1.062400464637456e-06
4258,1.048804657328634e-06
2980,1.041823056711966e-06
3450,8.922379593189521e-07
5044,8.762281438325435e-07
3231,8.741596108605465e-07
3900,8.408237212777488e-07
1421,7.867732066861436e-07
2373,7.762005759065578e-07
2539,7.581090139481113e-07
1873,7.557568924361895e-07
1129,7.438628362665198e-07
2737,7.074819913580834e-07
4405,6.709245010018993e-07
2767,6.558771088853817e-07
2402,6.523422311266425e-07
1406,6.498261663060186e-07
1520,6.457504831113617e-07
6484B,6.407145326767271e-07
3286B,6.219830700846511e-07
5046,5.81145199636051e-07
1158,5.806854996414984e-07
1251,5.470993413835544e-07
1071,5.309859925972949e-07
2395,5.174240431516933e-07
6355,5.015742641477193e-07
2768,4.863864281988544e-07
1416,4.827545281565123e-07
3959,4.777367053385521e-07
2080,4.6357333898308264e-07
2174,4.3902835110050526e-07
1006,4.0248235836065405e-07
1379,3.9789346059490917e-07
2544,3.921451084108447e-07
1246,3.813624631250693e-07
3401,3.68308094491675e-07
4856B,3.3164933481600984e-07
3293,3.3064099370589826e-07
6059,3.1863017300465374e-07
5361,2.988655919686417e-07
7978,2.926776757575901e-07
2412,2.907204660844691e-07
3232,2.85756401921228e-07
1074,2.8447393949029126e-07
4266,2.811647210816172e-07
3361,2.762834957655273e-07
2291B,2.5603886966410007e-07
1916,2.4650230512163053e-07
6054B,2.413613188493106e-07
2375,2.3667974625942505e-07
3763,2.3157831494685674e-07
6985B,2.2980335893657866e-07
3459,2.1802100515614275e-07
1412,2.1517011922827606e-07
2750,2.0983856462047155e-07
1283B,2.089957699749976e-07
1707,2.072338565304708e-07
1427,2.010750623849108e-07
1521,1.9874504403702606e-07
2548,1.8922805563963399e-07
3549,1.8898772411470542e-07
4558,1.8692621627572763e-07
3210B,1.7137278980666763e-07
4342,1.6866064372507704e-07
2225,1.649728171358099e-07
2294B,1.6439170111082786e-07
2430,1.6285360522306439e-07
7330,1.5995825241866668e-07
2604,1.524059455022966e-07
2995,1.515543876476523e-07
3962,1.4772977992966565e-07
3288,1.4450965916522068e-07
2987,1.293070735140555e-07
1424,1.245101124882194e-07
3018,1.207277859789504e-07
1540,1.1849212865527845e-07
3460,1.1312534989234068e-07
3167,1.1158790094211748e-07
2707,1.0910097464290774e-07
2777,1.0587110428531143e-07
2773,1.0522435770118794e-07
3404,1.043804727988123e-07
3449,1.0318859066798072e-07
2986B,1.0171023931478274e-07
2733,9.733070934004855e-08
3425,9.479349267405166e-08
3233,9.341168388873359e-08
1806,9.172171064313042e-08
2553,9.131124237929095e-08
2334B,9.055834284427513e-08
1257,9.052949842566019e-08
1075,8.279116661974446e-08
1737,8.117621915096335e-08
1525,8.079272219725191e-08
2226,7.970982531148255e-08
3898,7.86708952084278e-08
4127,7.537495169222183e-08
3362,7.326256611272894e-08
3713,7.205684276408346e-08
1244,6.854714920044546e-08
1422,5.8845649312816104e-08
5018,5.499944512924635e-08
3702,5.4955633354606424e-08
9946,5.0348083390560994e-08
1718B,4.7089673738627955e-08
2633,4.664116783484204e-08
1347,4.607298924808513e-08
3620B,4.598222135053469e-08
1085,4.435508591907227e-08
2546,4.406187526713352e-08
2098,4.391194380417132e-08
1917,4.374771407907814e-08
1490,4.234876561076871e-08
6469,4.1905837442839514e-08
1535,4.136024590827588e-08
3424,4.1236128666320785e-08
2769,4.119561482880779e-08
3682,4.0600527681696185e-08
4340,4.059306157297075e-08
6060,3.953099447822033e-08
3638,3.9056562170306624e-08
3458,3.754723242022026e-08
3904,3.639885453161282e-08
1216,3.5763781516556255e-08
3766,3.493904416438986e-08
1545,3.3696918106577663e-08
3168,3.265098388222344e-08
3461,3.2301536248571934e-08
5480,3.21494423060702e-08
3920,3.192443210173975e-08
5810,3.0342398819053407e-08
6055,3.0006294745515716e-08
2431,2.996362671582428e-08
2991,2.9655063390550643e-08
2682,2.9290516112967492e-08
3636,2.7717957896303557e-08
3320B,2.532296441302099e-08
2551,2.4513643608906716e-08
3905,2.4439999021085293e-08
3470,2.4253297577845487e-08
3639,2.4081115090727895e-08
1526,2.40599622288452e-08
2982B,2.3019654651669214e-08
2523,2.2882205037311893e-08
1531,2.2750348095147225e-08
3712,2.1937612623251885e-08
3402,2.1608513662727434e-08
4555,2.1209936454781597e-08
2770,2.0906106478631223e-08
1260,2.0741695187548553e-08
6081B,1.942715969595007e-08
1483,1.8388301175494002e-08
3463,1.8352222932760694e-08
4289,1.784054204872714e-08
3239,1.7276975488435883e-08
1423,1.668035307338259e-08
9600B,1.663402209778291e-08
1807,1.625914434131974e-08
2774,1.6127161205222452e-08
2524,1.6005659651687547e-08
2555,1.5871804670382196e-08
2775,1.5766237255220725e-08
3306,1.4110746765528234e-08
2556,1.3591588038551055e-08
1386,1.3327903774218131e-08
3234,1.3258622762477996e-08
2249,1.2802731674373094e-08
2404,1.2571336129423506e-08
3243,1.2109080284098439e-08
1015,1.1532246985523025e-08
6356,1.1257332912926791e-08
1484,1.1185124948669458e-08
3403,1.1154574184511188e-08
1207,1.0950399108264749e-08
3906,1.0914757952997867e-08
6459,1.065693485788816e-08
2771,1.060951001695441e-08
2558,1.015029261050312e-08
3126,9.626848246406914e-09
6056,9.59682333794149e-09
2554,9.492403275182938e-09
3902,9.43407416968427e-09
2046,9.292133761665581e-09
1551,9.245888027661296e-09
1320,9.242965186559244e-09
3462,9.223301806281829e-09
1739,8.722506001735568e-09
5915,8.709141916794472e-09
1719,8.660549766069795e-09
9725,8.6463544917959e-09
3718,8.622696326162101e-09
3240,8.33470421678493e-09
5811,8.090084882145602e-09
2900,7.988988289426929e-09
5159,7.946323416262579e-09
1918,7.764075415462777e-09
5296B,7.577403546634681e-09
3681,7.535855066347977e-09
1321,7.528567246637987e-09
2414,7.517128611711685e-09
7865,7.170463719264816e-09
1527,7.165023863233851e-09
2564B,6.920013149159073e-09
3717,6.219768412786575e-09
3909,6.077440353075419e-09
1482,5.808029211653853e-09
3448B,5.700460095352307e-09
3911,5.495471430922116e-09
1949,5.384154286179253e-09
2735,5.152663035971222e-09
2647,5.116802974646204e-09
3765,5.0535523487180046e-09
6061,4.904430455495144e-09
3908,4.8744658735306455e-09
3420,4.826767037914419e-09
2898,4.790915103107545e-09
1415,4.728203050711141e-09
2748B,4.701503620164654e-09
1034,4.662816003543873e-09
2667,4.656843715656203e-09
1344,4.547958672526512e-09
1217,4.370159305798112e-09
1204,4.158636844908432e-09
3466,4.151127500206524e-09
4854C,4.093032585845821e-09
2648,4.031707863154429e-09
1154,3.956219614843226e-09
5757,3.945107995249565e-09
2550,3.861909739251771e-09
2170,3.83682769004313e-09
2565,3.78790606039919e-09
1533,3.755213109805056e-09
3307,3.741770802243283e-09
1417B,3.6202515284117005e-09
1463,3.4330837908908764e-09
3235,3.1954662369686855e-09
3101,3.1669525049251757e-09
3177,3.1182593319340054e-09
1548B,3.0097063205296426e-09
2415,3.0087407849709885e-09
3605,2.9426907389028627e-09
6473,2.8821941162813604e-09
2671,2.845092233438008e-09
2532,2.819536779186077e-09
3903,2.7878884470703925e-09
2992,2.7725843345879035e-09
1962,2.7323709864406917e-09
3417,2.6171188626473047e-09
9726,2.5209673320955526e-09
1078,2.4900493767898347e-09
2772,2.4566224214829307e-09
1553,2.291406231283901e-09
1152,2.1876644612710928e-09
3856,2.1865645265486857e-09
1018,2.140804356727514e-09
2022,2.136632973895425e-09
1528,2.13373431099493e-09
1723B,2.1241473865805604e-09
3637,2.082275777489878e-09
2566B,2.0734400358994415e-09
1489,2.048216460480238e-09
2754,2.0185690106698256e-09
2672,1.958626180819112e-09
3196,1.920291948068589e-09
2252,1.8988618514146997e-09
1033,1.8936004520828808e-09
4288,1.887132252995306e-09
3238,1.8818960350884257e-09
2919,1.8786890867605855e-09
1153,1.8771635130270413e-09
3017,1.877040369903718e-09
5115,1.745156625988297e-09
1653,1.6513387170904864e-09
1720B,1.5928146514808473e-09
1554,1.529516393031824e-09
2909,1.5125034437949249e-09
1919,1.3779203856377384e-09
4267,1.3668791739369584e-09
1492,1.3558138870743913e-09
1831,1.3402536504525494e-09
2410,1.2979169023719365e-09
3704,1.2955921248793378e-09
3910,1.2891136948497593e-09
7218,1.2725698308969696e-09
5760,1.2379999538662182e-09
2367,1.215853264168482e-09
2567,1.1349683711823507e-09
3084,1.0676511744903878e-09
1534,1.057426994557223e-09
3102,1.041835074014483e-09
1550,1.0209540158113178e-09
2996,9.93537671447615e-10
2670,9.72398352898149e-10
3180,9.124128539204353e-10
2776,8.666633434281478e-10
1648,8.591133898178128e-10
2531,7.816355687866291e-10
1464,7.719482260026417e-10
9727,7.350237949368359e-10
2953,7.342887313265637e-10
2533B,7.259815440962467e-10
1447,7.215510969318967e-10
1385,6.814880233733645e-10
2736,6.724622285678024e-10
4345,6.579954942372431e-10
6450,6.417414215392103e-10
3752,6.32089845613215e-10
3211,6.308662269122621e-10
2568,6.212637869973531e-10
3419,6.140360919061749e-10
6062,6.087290582857792e-10
6454,6.083676495422831e-10
1552,6.048270697787088e-10
3252,6.003168260219824e-10
2612,5.971594050657778e-10
3236,5.91018056274526e-10
4123,5.639051449857263e-10
9292,5.588985832056496e-10
1893,5.476782450731189e-10
2429,5.39967739591798e-10
7980,5.340121081442278e-10
2903,5.233438436758341e-10
1202,5.128240780045261e-10
1809,5.109151350408658e-10
6483B,5.051028833206148e-10
2778,4.972432023612781e-10
2695,4.963899730444023e-10
1043,4.937546777321596e-10
1724,4.855722311825138e-10
2863,4.831938848667896e-10
2452,4.827019192133414e-10
2166,4.6505045819550373e-10
2153,4.489382697685286e-10
2617,4.285482275407424e-10
1411,4.2340809326005555e-10
6428,4.114691869379455e-10
1486B,4.0974448748591793e-10
2926,4.0798837401320176e-10
3176,4.04296370925724e-10
2407,3.883571285300043e-10
3313,3.8001476458556007e-10
1830,3.799075093541737e-10
1557,3.7666307965278374e-10
2784,3.720979315567194e-10
6021,3.678492863451301e-10
3413,3.5734464375054445e-10
1459,3.5538327862735023e-10
3103,3.427333761536289e-10
2010,3.126302874679712e-10
1538B,2.977598922044961e-10
2504,2.9708892855043023e-10
1731,2.9294428035683255e-10
5362,2.9036888961863057e-10
1665,2.899075235148574e-10
5048,2.8880931881498346e-10
3181,2.6697497815516753e-10
3919,2.614674008919598e-10
3367,2.4501709958808856e-10
1920,2.4454525314938584e-10
1493,2.42593822933803e-10
3526,2.2593204011168862e-10
7494,2.258478720212211e-10
5299,2.194570428231679e-10
2954B,2.168536185901322e-10
2738,2.1506295711863181e-10
9728,2.1430661679261244e-10
1546,2.100815661390952e-10
3082,2.061499566354437e-10
3705,2.0139394382636165e-10
4290,1.9961658828048485e-10
1462,1.989781575424619e-10
3751,1.9506608959141988e-10
1578,1.9317419236876209e-10
3281,1.9149851283939373e-10
3332,1.900872849093637e-10
2534B,1.8692758438061578e-10
1317,1.8256114651776108e-10
2910,1.8108307781146984e-10
1448,1.7304115628031657e-10
2569,1.7287537195595578e-10
2915,1.6753719317184377e-10
1097,1.6719462791607183e-10
2782,1.5975854056972218e-10
1261,1.5517553746590966e-10
5045,1.447627578058291e-10
3411,1.4432215765850259e-10
5958C,1.4381657680734789e-10
2631,1.4320975304192091e-10
2254,1.3435886497308153e-10
1062,1.339163320856798e-10
1584,1.3294732254249217e-10
2370,1.189266595866552e-10
2453,1.1716512963778052e-10
3171,1.1340358625009098e-10
3104,1.1274929183299065e-10
1725,1.1100001525399758e-10
1558,1.1005629415103146e-10
4653,1.0931185582814147e-10
1832,1.0176707738615983e-10
2456,9.873828005156295e-11
2618,9.671771736871426e-11
1921,9.488117706847117e-11
3581,9.335789475671977e-11
1810,9.056790223782387e-11
2462,8.776150196739875e-11
2467,8.693280998909843e-11
1649,8.480483354389804e-11
1775,8.266916540212203e-11
3172,8.224196530019576e-11
1964,7.915174361888026e-11
1487,7.842404888393083e-11
2306,7.744133570538555e-11
3304,7.658405955082291e-11
1846,7.271332670246948e-11
6357,7.018321742432172e-11
1460,6.957038393855701e-11
1565B,6.945240318667281e-11
2250,6.928197051657245e-11
3186,6.87978226369905e-11
3207,6.645521534934402e-11
1188,6.525366980321674e-11
1178,6.387716872055893e-11
2924,6.265686545394819e-11
9701,6.248413475211525e-11
2408,6.230531427510187e-11
2037,6.15657225334321e-11
3282,6.108721128565994e-11
6173,6.085139852040702e-11
3756,6.0198371961061e-11
5032B,5.91869467042775e-11
3279,5.531440791266796e-11
3468,5.4879626131714825e-11
1348,5.412524133287531e-11
1150,5.3032716622066924e-11
2084,5.2536083255647065e-11
2570,4.8104998838721744e-11
6436,4.7146701049595154e-11
1942,4.613945077447848e-11
6023,4.563738560471502e-11
1098,4.499544956210597e-11
2156,4.43156115904356e-11
1541B,4.3406962775524856e-11
5952,4.167783825050765e-11
7493B,4.0082091662700657e-11
3368,3.949821923213494e-11
3858,3.8437636498637324e-11
2173,3.392127214874069e-11
3098,3.2990810233139624e-11
1559,3.2157088634182685e-11
5308,3.130577889848735e-11
3707,3.093259787788399e-11
3200,3.0507126682653414e-11
1068,2.938826704631354e-11
2955,2.911685420297403e-11
2632,2.8439223605406238e-11
3184,2.8251282080479206e-11
1833B,2.7260683346696292e-11
3173,2.7055208756760256e-11
2734,2.650310834067295e-11
2073,2.6163377249096915e-11
1752,2.537419283237029e-11
2725,2.5203559226503446e-11
2058,2.4229508556902967e-11
1240,2.322626698727423e-11
1125,2.3015995751509313e-11
2506B,2.300385636040044e-11
3399,2.2570257261732685e-11
2619,2.182792083342717e-11
1472,2.111499216137177e-11
1443,2.0584623802009534e-11
3305,2.0307926743242357e-11
4655,2.02177952145333e-11
4595,1.974339984940619e-11
1566,1.9686937030405474e-11
3755,1.857751887060236e-11
9729,1.821813523559148e-11
4076,1.790165753134878e-11
5953,1.736608466524821e-11
1282,1.7344456778015548e-11
5965,1.670695368478741e-11
1811,1.6054613073142838e-11
2457,1.5840881912447843e-11
1349,1.448282706984357e-11
1847,1.391714493717003e-11
2571,1.3386772285926906e-11
5111B,1.3056098572966715e-11
1985B,1.297845313366715e-11
3376,1.2649014448126025e-11
2957A,1.252782261970719e-11
2634,1.2424149044521132e-11
1172,1.210918444773345e-11
2518,1.1984860816904426e-11
2463,1.1891267323123975e-11
2148,1.1205231073169393e-11
3216,1.0870353683470142e-11
4344,1.0665814784804765e-11
4014,1.0638266073556461e-11
2562B,1.050664395920947e-11
3099,9.653218167115281e-12
1560,9.39590336081633e-12
2912,9.114717046014554e-12
1782,9.088155310089952e-12
3174,8.900375416968106e-12
2157,8.859481894711862e-12
3253,8.848295239446436e-12
2951,8.58624741331023e-12
1650,8.371257890248558e-12
7303,7.9736794050205e-12
3408,7.97280737190176e-12
3078,7.766745179635695e-12
2038,7.67656185808314e-12
3483,7.663368378726519e-12
3299,7.4914485592299e-12
2572,7.47237059702348e-12
1671,7.429412221518026e-12
5920C,7.32251690762231e-12
1451,7.302409701589442e-12
1301,7.11352299236585e-12
1943,6.986317006863517e-12
5813,6.427313814797361e-12
2507,6.40114646274536e-12
1126,6.208418285912463e-12
1567,6.140946901296235e-12
4500,6.067353683228922e-12
6648,6.05598467069673e-12
1988B,5.8560329691724695e-12
1753,5.800446365687412e-12
1024B,5.776739925758553e-12
2319,5.733115083095288e-12
9311,5.7159307858227074e-12
6022B,5.662022665061298e-12
2085,5.589901654402573e-12
3280,5.586644341898576e-12
3529,5.493387034459895e-12
3042,5.311756348595988e-12
3217,5.123316829318318e-12
3852,5.096286476994639e-12
2620,4.9262757065925106e-12
2355,4.764562230104049e-12
2664,4.5387355802460675e-12
5058,4.452937478216997e-12
4111,4.426407773935741e-12
4132B,4.221545807390864e-12
2573B,4.171005883056663e-12
2918,4.1097247393659166e-12
3105,4.1004203800883145e-12
2081,4.09416479115565e-12
3379,4.050754670768004e-12
4656,3.7393860033695105e-12
2965,3.694345576713455e-12
1968,3.3842858016389945e-12
2095,3.2368778666366347e-12
3059,3.2124486410730355e-12
1286,3.1632002373132452e-12
5922,3.08758605688632e-12
3625B,3.078338251229625e-12
3175B,2.927964501216649e-12
1812,2.8459375853120282e-12
3106,2.824562832379793e-12
2560,2.7947984472594784e-12
1561,2.745365945812253e-12
1302,2.6637063790407047e-12
1242,2.658724964464516e-12
2050,2.5568829610977802e-12
5858,2.5418738723017863e-12
4319,2.233496332609025e-12
1900,2.1935328712872587e-12
2727,2.1683965314079395e-12
4213,2.068881742462808e-12
1697,2.0415982753063956e-12
2455,1.99324389589081e-12
1450,1.956119719883384e-12
5959,1.9408211453714528e-12
1568,1.9155456033824548e-12
3409,1.873917256481551e-12
3259C,1.857581028813445e-12
2209,1.8511594512677383e-12
2508,1.7812088293931017e-12
2161,1.7711686906752116e-12
1016,1.7637110166826593e-12
1969,1.6394023093556966e-12
2333,1.6112105982821447e-12
9702,1.5487190595766768e-12
1951,1.436199933715551e-12
2660,1.389692298445228e-12
1754,1.3450910431766133e-12
1585,1.3261642414602012e-12
1500,1.309741654041084e-12
2610,1.301901108500287e-12
2259,1.297224181208958e-12
5459,1.2624649009832692e-12
2809,1.1747048182490197e-12
1767,1.16075024839904e-12
3257,1.1143169524803797e-12
2959,1.1124557037218445e-12
2621,1.1117955802209742e-12
3380,1.0339571982888826e-12
1984B,1.0144249613759584e-12
2609,1.0007527299886074e-12
5009B,9.990975440817088e-13
7304,9.743444086703062e-13
3484,9.650917972149403e-13
2039,9.571821112836674e-13
3218,8.48566571031874e-13
6461,8.264761788016808e-13
1651,8.263438831182606e-13
1288,8.032930919045053e-13
1056,8.028494851487439e-13
2561,7.434245262174987e-13
3589,7.374838479267318e-13
3588,7.034885637773101e-13
6024,7.024617258792687e-13
4657,6.916184048559231e-13
2528,6.756957136160081e-13
5859,6.735045564461217e-13
4505,6.707913872429104e-13
1792,6.374719086664809e-13
1970,6.323242318104266e-13
6191,5.979428270075708e-13
9876,5.947718841819927e-13
2835,5.93204867447099e-13
4214,5.761263254106119e-13
3260,5.697853737186112e-13
3201,5.642398788842158e-13
1179,5.611223549184767e-13
3245,5.585838376355271e-13
1454,5.239918719337122e-13
3325,5.171976198456472e-13
1840,5.098264767807421e-13
1813,5.044882639772241e-13
2509,4.95646774811169e-13
5853B,4.934672776140742e-13
6435,4.922114359795497e-13
1632,4.683391657867257e-13
9703,4.515512725084978e-13
1904,4.405588356842625e-13
3410,4.404422592779932e-13
5740,4.2921458933266355e-13
2260,4.1542671240055223e-13
6754,3.580347783751098e-13
2093,3.565153535086351e-13
2167,3.540880766166245e-13
2327,3.511544871867396e-13
2960,3.2805090943712273e-13
2810,3.268785863747288e-13
6468,3.2621172241486436e-13
2575,3.229952413788569e-13
7468,3.122190641496732e-13
2622,2.5091770023670845e-13
5923,2.503066055593882e-13
9059,2.36253842385018e-13
5458,2.361230549562246e-13
1477B,2.30241059506654e-13
5961,2.2546186656156926e-13
1309,2.2405436818727668e-13
2611,2.206569530298293e-13
2465,2.1831100704133029e-13
1184,2.0866988313213633e-13
2248,1.9517429805159078e-13
3469,1.8713432079499033e-13
2728,1.865588205323797e-13
3261,1.776137961773995e-13
4355,1.7289210235971396e-13
1926B,1.6063933400609126e-13
3486,1.5200227471123234e-13
3107,1.491224671158231e-13
1271B,1.4071289859780107e-13
1449,1.4036366760275614e-13
2498B,1.3509433740717956e-13
3522,1.3356809245613474e-13
2714,1.331152882994433e-13
2261,1.3303666628241626e-13
2899,1.316562007021953e-13
4661B,1.2791892851452925e-13
3109,1.2558933225014975e-13
2515B,1.2543501963148332e-13
1339,1.1934981391475467e-13
7305,1.1906020651047187e-13
1232,1.158421954290556e-13
1971,1.1077616753755419e-13
5011,1.0983482856563003e-13
3414,1.0352721443738053e-13
5101B,9.767702588153113e-14
1850,9.757941328280964e-14
2971,9.673753513317901e-14
1112,9.562512468785721e-14
1052,9.287578035369329e-14
5013B,9.180626816690126e-14
2811,9.095879947845562e-14
3085,8.987869738934395e-14
2541,8.958769575794603e-14
1814B,8.942835880819035e-14
5074,8.6758506588249e-14
1793,8.285139487495863e-14
2511,8.178240146802107e-14
4074B,7.758338645482359e-14
7469,7.487551613521002e-14
4407,7.240133850464394e-14
1180,7.113201838282441e-14
2168,7.078819625407114e-14
2271,6.570232909618493e-14
2071B,6.328407485490458e-14
1455,6.126002486244301e-14
9023B,6.106664268439199e-14
3199,5.815987801817616e-14
2623,5.662842819801395e-14
1145,5.516425637506052e-14
1182,5.420624936977225e-14
2070,5.365079367475787e-14
3244,5.181972516055364e-14
5741,5.0485600085153936e-14
6755,4.821481868168683e-14
3190,4.808479498690307e-14
1894,4.707410473066676e-14
2097,4.682848604974078e-14
5921B,4.6660142225267536e-14
1633,4.6036190582582106e-14
6439,4.416364875197778e-14
2512,4.400140477644757e-14
1193A,4.2906030991729354e-14
2262,4.2603805617817224e-14
1478,4.0717828412283096e-14
7449,3.976359088466338e-14
1989,3.9279983182150376e-14
2905,3.8385662934951154e-14
3061,3.838528529564912e-14
1456,3.759949938967707e-14
1243,3.674713680437476e-14
2067,3.562769701954359e-14
9651,3.251169499687688e-14
1036,3.161204917373676e-14
4274,3.1582766801532874e-14
2757C,2.9646667811133736e-14
2962,2.8526735915305445e-14
2715,2.8022649896338912e-14
2165,2.663956696562664e-14
5967,2.619142947714008e-14
2824,2.531024941917793e-14
2171,2.501023342134149e-14
4287,2.4990257610860495e-14
2513,2.3673194280760917e-14
4357,2.170669623298372e-14
1953,1.9463324398156947e-14
1972,1.9406794261152553e-14
1851,1.8676127332443784e-14
3535,1.795722199093574e-14
1815,1.585292510327152e-14
2752,1.5740593466722125e-14
1670,1.5422940049516745e-14
2365,1.526026073008663e-14
2041,1.4881469612201235e-14
4452,1.4308827659957418e-14
2405,1.3643126764440733e-14
1586,1.3228632371330473e-14
2624,1.2780366899461754e-14
2514,1.2736811257510124e-14
1019,1.20747920169953e-14
1820,1.2061313383649026e-14
2082,1.1914853383476043e-14
1114B,1.1883738046510494e-14
1662,1.1878554255426062e-14
1051,1.1696282409412646e-14
2895,1.1191377312657643e-14
3111,1.0752181587029806e-14
6702,1.0447650644915382e-14
1751,1.0174761553090767e-14
6477,1.0072079932837526e-14
2547,1.0004202374798039e-14
2212,9.670844910536567e-15
5076B,9.375288545476004e-15
2762,9.297745253585547e-15
1183,9.017108490490549e-15
2988,8.802424775365685e-15
5916,8.349680646754181e-15
1195,7.935503664588328e-15
2088,7.728188854959887e-15
4358,7.696182951212193e-15
6017,7.655139750117256e-15
2871,7.39752162521455e-15
1479,7.201120744122272e-15
7498B,7.056994714498355e-15
2813B,7.042382441969895e-15
6430,6.935449101602441e-15
2292B,6.925805086155406e-15
2522,6.779866130563441e-15
2078,6.733266358839037e-15
2659,6.493245814859259e-15
4253,6.493061213336983e-15
1194,6.455355890739647e-15
6411,6.446180412953e-15
3203,5.994726280007289e-15
5742B,5.938611219818259e-15
2827,5.927107298669517e-15
6440,5.8998288564902455e-15
2908B,5.450802795394614e-15
1954,5.351292808727306e-15
4152,5.318793369056122e-15
1007,5.109253979372562e-15
9652,4.9187866598747236e-15
1859,4.89965128327162e-15
1636,4.525380063806145e-15
5817,4.417816710658057e-15
2264,4.369787845647263e-15
3415,4.30718803442383e-15
1221,4.1989045681112205e-15
1090,4.1960685195506986e-15
2105,3.886950812073081e-15
1852,3.574262287723846e-15
1973,3.399416154575507e-15
3530,3.247672000487244e-15
3112,3.1466555887806046e-15
1303,3.138079074473761e-15
3191,3.0764478284213238e-15
6359,3.0688261925451084e-15
5968,3.0426028029453164e-15
3587,2.9585700394862885e-15
2625,2.8849464128347274e-15
4449,2.8276004903589873e-15
1816,2.8102153918278323e-15
2814,2.77304858510208e-15
1458,2.6982385235161835e-15
4292,2.6431376712339877e-15
1038,2.3001609634130885e-15
3118,2.23939937074964e-15
1457,2.0266482562788424e-15
2763,1.9575529266932464e-15
4359,1.9122368460360945e-15
2042,1.8557322706667956e-15
1756B,1.818279654125715e-15
2072,1.793086112142624e-15
3552,1.7605156507362408e-15
2873,1.730401536159117e-15
2822,1.6648488052695067e-15
2079,1.5205251766969254e-15
5917,1.4939164335498887e-15
1196,1.4796819951965333e-15
1115,1.4765584310256136e-15
6706,1.4068035904787658e-15
2753,1.3278248340266388e-15
1498,1.2734472547789674e-15
4125,1.2180164075065411e-15
3298,1.2168998331713586e-15
2721,1.1038242567921842e-15
2815B,1.092742338587843e-15
2661,1.0905420153348886e-15
2470,1.08882676766817e-15
7472,1.045838344138299e-15
1766,1.0132186445363823e-15
1955,9.851953413769577e-16
6018,9.493228944213389e-16
3113,9.207155240472368e-16
2237,9.091683409782359e-16
1860,8.351938148587046e-16
4293,8.138979242056572e-16
9660,7.44599548313206e-16
1929,7.321518565996411e-16
1229,7.307857783136116e-16
2087,7.163323549783199e-16
6123,6.989596290231711e-16
2759,6.9624780600465235e-16
1853,6.836329901938086e-16
3100,6.555904662776011e-16
3046,6.507932273116252e-16
3204,6.178407539401996e-16
4153,5.995803639270673e-16
5255,5.951863312416622e-16
1230,5.778404245034085e-16
4454,5.587732765286348e-16
2100,5.576693282241804e-16
1392,5.464423914770951e-16
6865F,5.393454682728667e-16
5287,4.984360782866226e-16
1461,4.784123824933199e-16
1674F,4.777172241041074e-16
4360,4.749932025153279e-16
3063,4.589718004217031e-16
2816,4.302850730102397e-16
9291,4.261327354732483e-16
1676F,4.0226064752819013e-16
1675F,3.935232572195917e-16
2422,3.7503239945142624e-16
2702,3.7098085645685255e-16
1678F,3.616330956006377e-16
3189,3.5978182480652656e-16
9776,3.5314389223353447e-16
1677F,3.515728767319953e-16
1757,3.248546703347997e-16
2107,3.201820944939575e-16
1679F,2.841940237071968e-16
4341,2.7911203997742156e-16
4059,2.75934184768326e-16
1680F,2.74195061201813e-16
1197,2.7006030293689773e-16
3114,2.6912170468582156e-16
1682F,2.673754597626558e-16
1684F,2.556778583891226e-16
7474,2.535505180249377e-16
9608,2.4876305815429644e-16
1040,2.4689423301278836e-16
4956,2.362665209033869e-16
2043,2.313945420906057e-16
1480,2.2488048381173993e-16
1467,2.1798664431586687e-16
1686F,2.105695272074186e-16
2758,1.9207841758282344e-16
2704,1.904026019035392e-16
4594,1.8971885046763195e-16
1755,1.8725608589293495e-16
4223F,1.8591491499752453e-16
2662B,1.830545401080083e-16
1963,1.8148453459121547e-16
2817,1.7002558004720384e-16
9983,1.5985610184231965e-16
1681F,1.541118760255485e-16
1683F,1.513544721929458e-16
0471,1.4873754571519624e-16
3074,1.4683426739585432e-16
1861,1.426589118232646e-16
2717,1.3869738266786735e-16
1587,1.319356887076089e-16
1854,1.308277447962131e-16
1937,1.2125951959529235e-16
6019,1.1782618359859603e-16
9654,1.1255816609929065e-16
4455,1.1075754275255225e-16
4156,1.0942472242363254e-16
2238,1.0708967261650513e-16
1975,9.931293277124061e-17
2705,9.775824380187363e-17
1818,8.892394880784515e-17
4294,8.6310094139729e-17
2242F,8.622968630304784e-17
2089,8.237300052611326e-17
3524,7.906680057744265e-17
2015,7.619808564736308e-17
1690F,7.1723113751879e-17
2016,6.785468574117164e-17
3214,6.389309738375183e-17
3405,6.235435134549106e-17
2102,6.060419830657453e-17
1758B,5.846179371275565e-17
2246F,5.807833374931096e-17
1064,5.5187412213213976e-17
5354H,5.511669263504043e-17
1044,5.31650041809682e-17
4158,5.065028748476424e-17
1054,5.040786625077191e-17
2864,4.9423864389737294e-17
1738,4.726273644165926e-17
2819,4.703391563504887e-17
0821,4.5866240594412e-17
5066,4.3229038070331954e-17
3553,4.283277608578061e-17
1442,4.112455135729593e-17
1198,4.1006092953008275e-17
9777,4.077959393077694e-17
5735,4.011474104222672e-17
5297B,3.985820468627454e-17
1698F,3.5684477754108204e-17
1957B,3.3567452093237395e-17
2598,3.264192969025809e-17
4157,3.235526050801851e-17
1111,3.151216923016099e-17
6204F,3.096847895292128e-17
1307F,3.09314898985193e-17
0811,3.0784448701335114e-17
9853,2.928712850747051e-17
4351,2.7702920872792507e-17
9607,2.7200886732052427e-17
2164,2.7179977995718753e-17
9047,2.4877800728758556e-17
1862,2.3804091943276922e-17
5109,2.248851082098391e-17
1931,2.222233957691839e-17
4456,2.2113244291738032e-17
1841,2.2034439398173288e-17
1429,2.2009721790915347e-17
1094F,2.175902974871265e-17
2853,2.165985401976441e-17
1103,2.033320615680111e-17
7331,2.0198381371958068e-17
1430,1.9939557923146006e-17
5279F,1.9854004336849856e-17
5355F,1.9706345780853828e-17
2756,1.9665985831153232e-17
3192,1.9216083181241272e-17
6410,1.9034727161433174e-17
1874,1.843072440620248e-17
1819,1.724805124676297e-17
5169F,1.6828019748919844e-17
9655,1.668258493358942e-17
2760B,1.6332062582752353e-17
1976,1.6288502014836563e-17
0801,1.596048809940341e-17
7465,1.5647533586408102e-17
4163,1.5148587274398768e-17
6020,1.4962487405454986e-17
2221,1.4723496884149752e-17
4062,1.4580613196921082e-17
0521,1.4300580288482775e-17
3360F,1.3778834732287574e-17
2018,1.3481929383385417e-17
0536,1.3092338097957744e-17
2239,1.2808907361847993e-17
6202,1.0782797122730834e-17
1685F,1.042234243891542e-17
1977,9.860500191692289e-18
2207,9.846444511640813e-18
2290B,9.844834910434802e-18
3604,9.716950886638738e-18
4295,9.209251364032326e-18
7332,9.043352082481866e-18
4348,8.727366276937187e-18
5867F,8.687908288169384e-18
1986,7.741212436636725e-18
5714,7.688899921742913e-18
2029,7.653861966051436e-18
2854,7.484069511664344e-18
6471,7.305316912565297e-18
2614,7.155816752028033e-18
1495,7.155063024665755e-18
3308F,6.701864171913648e-18
5866,6.675321511376989e-18
1696F,6.6175429711462586e-18
6112,6.600159507958191e-18
1250,6.527636351283312e-18
5356,6.5055855026560704e-18
2028,6.4726046902327864e-18
1120,6.379604814967239e-18
1958B,6.2831252486532624e-18
1050,5.751806814721997e-18
1053,5.713710272427847e-18
2378,5.502808433217693e-18
5172F,5.447650546635015e-18
1231,5.261194886874114e-18
5256,4.795056079226234e-18
4857B,4.755438746427704e-18
1199,4.611578357783761e-18
9778,4.592935384255196e-18
5471,4.583015252013899e-18
6179,4.407421964609042e-18
1932,4.329855436554304e-18
6505,4.296144074686969e-18
1452,4.0826283406776704e-18
5278F,3.973914898569016e-18
1863,3.961369937776404e-18
5168F,3.9591870103330786e-18
5357,3.8164166344961355e-18
2855,3.789472252923604e-18
5082,3.7891888351882505e-18
5265F,3.786689977639806e-18
2160,3.740347093727046e-18
0806,3.710084253488248e-18
5868,3.568995826387314e-18
1834,3.4537957789607754e-18
5461F,3.429020936064023e-18
5802,3.383652410418946e-18
2901,3.344368620260428e-18
1856,3.2852496721139463e-18
2850,3.2221423919399377e-18
2718,3.217994764990403e-18
5261,3.1348705095090784e-18
9631,3.119656160380831e-18
4159,3.0798742436247223e-18
5006,2.9672885312546955e-18
5102F,2.9253006156814153e-18
5100B,2.902489169748224e-18
5766,2.896500714909536e-18
9661,2.7995611632528275e-18
1434,2.731593184467409e-18
3188,2.6151607322421926e-18
4259,2.614270241932974e-18
4101,2.60928168846737e-18
4804B,2.5814353426848e-18
2599,2.5046302063412586e-18
2876F,2.4951114882282906e-18
2543F,2.4271546206127228e-18
1743,2.2940941804348192e-18
5805,2.26751324534723e-18
5451,2.2586833501231997e-18
3193,2.237265536424446e-18
6311,2.202926160123693e-18
2856B,2.186758500854598e-18
2133,2.128334928748706e-18
3600,2.095206117248584e-18
5088F,2.0825234117085447e-18
4958F,2.079457933173608e-18
1980,2.073076090385976e-18
5166,2.0276295696726995e-18
5003,1.9492964418665248e-18
0531,1.94395309765941e-18
4276,1.856039611264654e-18
6799F,1.795218291026546e-18
0725,1.78507553640517e-18
2845,1.762589138055179e-18
5277F,1.7460646715315183e-18
0631,1.7149985206416693e-18
2241G,1.7123835787110788e-18
5398F,1.6915377949823032e-18
4006G,1.635036108760695e-18
8021,1.6086080050854502e-18
5103,1.5874446273287668e-18
8281,1.5629788067729728e-18
2176,1.5411855874568976e-18
8731,1.5296595049605363e-18
5399F,1.5220761767322032e-18
5350G,1.5052295422476897e-18
6856B,1.4920212888039913e-18
5416F,1.4523572220938341e-18
5362F,1.446748606058274e-18
6601,1.4143584210596747e-18
2878F,1.4007855980695242e-18
6649F,1.3974903080588985e-18
5320,1.3900690225249788e-18
1760,1.3838593031244089e-18
0726,1.345543849276917e-18
2765,1.342347658828617e-18
9025,1.312031980280596e-18
8032,1.3083331440533771e-18
6659F,1.3077089256022813e-18
6209,1.2980517396912667e-18
5208,1.2942951502589179e-18
6800F,1.2714751752874412e-18
5063,1.2654945585931032e-18
6253,1.2541931404582754e-18
4955F,1.2398810851137141e-18
6359F,1.2248599132118382e-18
5469,1.2238433843887972e-18
8362,1.2093947234755602e-18
6792F,1.2079427379797049e-18
6109,1.2059400380268616e-18
5076G,1.202201620554958e-18
2336G,1.178389907821439e-18
5303,1.163270493405988e-18
5710F,1.1593977284608568e-18
6078,1.1553609620759923e-18
8061,1.1497104770578957e-18
1864,1.143356777349502e-18
5407F,1.1264623035065336e-18
5306G,1.1173563591356814e-18
5508,1.109719511358137e-18
0706,1.0929617604938436e-18
2600,1.0862337371338565e-18
1057,1.079974552499685e-18
2860,1.078114261497531e-18
8462,1.065683633235785e-18
8051,1.0534439603289002e-18
5772,1.0480408252788207e-18
6462F,1.0445636233416455e-18
6604F,1.0301808907860556e-18
1639,1.0272379989434604e-18
6106,1.0181890806493968e-18
9103,1.012619607824562e-18
4005F,9.925505060297156e-19
4007G,9.851675159906701e-19
2852,9.793994681958687e-19
6068,9.662212095959805e-19
4107,9.64217092942833e-19
6427F,9.640505088953774e-19
5400,9.620341279235176e-19
6363,9.546801988377602e-19
1959,9.4543437296573e-19
3447,9.436832794635058e-19
5013F,9.432435100705075e-19
2220F,9.131260033959295e-19
3334F,9.00913627834262e-19
6117,8.914452082882724e-19
1328,8.881716350518561e-19
6162,8.849351312762482e-19
4296,8.711442471348717e-19
5283F,8.681727190773102e-19
4598,8.599241866626217e-19
6077F,8.557007348918584e-19
5402,8.531994896513167e-19
6437F,8.434560381294649e-19
6005,8.289018673363497e-19
6856,8.268462909398847e-19
5027,8.266266373312169e-19
2861,8.249064337218113e-19
8721,8.231522074717861e-19
5823,8.055071104675597e-19
8422,8.048659146418848e-19
2708G,8.011716944035619e-19
3123,7.929849013818397e-19
8381,7.89114450698211e-19
9051F,7.8881177443107215e-19
8431,7.858490732466139e-19
5406,7.802243848055232e-19
6014,7.786398746794832e-19
6811,7.784311601019789e-19
1041,7.703577987455666e-19
6657,7.684399147805833e-19
5837F,7.607878483684703e-19
5507,7.396402239424269e-19
1962F,7.37408264433294e-19
5282F,7.336636534806167e-19
6172,7.311657419489067e-19
2462F,7.31044017732996e-19
6156F,7.303897770541665e-19
5077,7.243615724417482e-19
3228F,7.183180106947669e-19
5014,7.179820590533205e-19
8092,7.162927482656542e-19
1747,7.15987748053904e-19
6869G,7.108547743994874e-19
3230F,7.052176446047964e-19
0704,7.010155429947886e-19
5062,6.981190189859308e-19
5716F,6.952514202560087e-19
1444,6.9466782597294285e-19
5835F,6.904960831569415e-19
5773,6.865531836739546e-19
4106,6.862886771000589e-19
5273F,6.860228974343263e-19
5782F,6.818079497359632e-19
1089,6.76108769912523e-19
9959F,6.759128027434143e-19
5071,6.62412558477481e-19
5305G,6.617685473912732e-19
0724,6.48575556896331e-19
5827F,6.474982543935744e-19
8082,6.469165639157416e-19
6607,6.468848511447833e-19
8774,6.453401635307555e-19
1961G,6.415473404660906e-19
5119,6.406305245988766e-19
2710G,6.385056029414432e-19
1652,6.330605519055794e-19
8321,6.328754742313661e-19
8221,6.261925965099687e-19
6461G,6.191277486319459e-19
5227F,6.160733055444381e-19
5502,6.11243116587876e-19
8042,6.10672669647979e-19
1933B,6.097145043625661e-19
5475,6.085507226103699e-19
5836F,6.039301809195278e-19
8411,6.024217235541856e-19
0703,5.995509175461349e-19
9963F,5.994878032686341e-19
1826,5.992110732653841e-19
5079,5.96230532239422e-19
4066,5.952121843858742e-19
2104,5.943318496351955e-19
6416F,5.909048171852012e-19
2709F,5.80954228727946e-19
9657,5.770352500071564e-19
8652,5.759259094031543e-19
5415F,5.707168951769676e-19
8242,5.683276362748667e-19
5430,5.679726070572121e-19
9626,5.632343172317531e-19
8031,5.599228671334168e-19
6457F,5.567769940208259e-19
1825,5.561763661708813e-19
2333F,5.55310096664541e-19
8332,5.525604139619527e-19
2017,5.508940282906288e-19
5272F,5.504882761733905e-19
8231,5.47538630608991e-19
5561F,5.45845790972731e-19
5560,5.447986799363656e-19
4251,5.34676539043496e-19
5213,5.337357145235374e-19
2259F,5.30753871866796e-19
4109,5.257977885153501e-19
1721,5.163914871676828e-19
0526,5.121499913451874e-19
8461,5.115991742238346e-19
8022,5.0941014142908e-19
2243F,5.079003730450565e-19
5255F,5.059635731420976e-19
2026,5.0237352545560835e-19
1870,4.967134384021627e-19
0636,4.952306836902196e-19
6867F,4.922780071921744e-19
0626,4.916224845289795e-19
6423F,4.845086716503747e-19
4160,4.83905761914921e-19
5829F,4.791359779211794e-19
3613F,4.761929859599568e-19
5151,4.748638032469649e-19
8642,4.738423229927479e-19
0606,4.708419089753163e-19
5838F,4.7017837077477555e-19
5029,4.647285138947469e-19
9755,4.5998044061739e-19
8793,4.512889594652539e-19
1869,4.499801667489657e-19
3572F,4.4990960357098065e-19
8712,4.448700033948782e-19
2463F,4.445704417418743e-19
5042,4.400480821406454e-19
8271,4.371782104193508e-19
1871B,4.334895623932966e-19
2606,4.311567391229182e-19
5790F,4.258705375686185e-19
2670F,4.2524316745770234e-19
1035,4.2475918557317516e-19
9756,4.232039453148155e-19
5223F,4.2301720293512424e-19
5067,4.228855038726873e-19
2671F,4.225914427389195e-19
5229F,4.2169406232631607e-19
1883,4.214829469752359e-19
2099,4.200412853867323e-19
6650G,4.1986186729895703e-19
9659,4.177298648036199e-19
4104,4.1750616985439046e-19
6472,4.1653548409159454e-19
5796F,4.1639755684726127e-19
6113F,4.105075458294199e-19
8282,4.0633928433999854e-19
3194,4.043472895111098e-19
1835,4.015647667357477e-19
2848F,4.0038348134891777e-19
2972F,4.002985223878999e-19
4131B,3.991614744691829e-19
5817F,3.978532981309251e-19
6354,3.9720538248303047e-19
1828,3.9090067073874212e-19
6406,3.908133182954427e-19
8641,3.905334802607536e-19
8211,3.8957432561699906e-19
5717F,3.8910575269515204e-19
5519,3.87625157186066e-19
5452,3.8636830804485208e-19
0611,3.8440740052004973e-19
8202,3.7645433791733963e-19
4119F,3.751448753697878e-19
8743,3.7397677815914606e-19
5089,3.7144746434926196e-19
3609F,3.7027078657750513e-19
5078F,3.6622390548585793e-19
6314,3.654490375687562e-19
8371,3.6180520513862997e-19
8232,3.5971635768920692e-19
1630,3.589137168904102e-19
4118F,3.5844673185506707e-19
1334,3.578816434715989e-19
3601,3.544093299432371e-19
0539,3.543177403699132e-19
2842,3.541636636297227e-19
3804,3.533641612177446e-19
2672F,3.5324152173808283e-19
2140,3.5227440691095895e-19
5028,3.5227079633642484e-19
0621,3.4903477463396654e-19
8111,3.480501800895436e-19
5826,3.476120615028842e-19
6456F,3.4401024227935627e-19
4112,3.4171777601856694e-19
1985G,3.4028611135381526e-19
2603,3.4012745583200593e-19
5058F,3.3849248110671393e-19
8784,3.3698020032217425e-19
2423,3.314122672572198e-19
3229,3.307483148282516e-19
5120,3.2771884131949826e-19
2092,3.227250484912022e-19
8361,3.2160301052743065e-19
6425F,3.2094618367177324e-19
3086,3.200274044935579e-19
3225F,3.1970290357269815e-19
2131,3.194266326097437e-19
5788F,3.1940486113384004e-19
5115F,3.19300014731045e-19
8102,3.1694660984800553e-19
5705,3.168759668738977e-19
3370F,3.133117836743008e-19
2903F,3.1061711039886534e-19
8753,3.041546321997801e-19
2337F,3.0183333325137083e-19
8804,3.0148925441983405e-19
3606,3.0127839364755736e-19
8091,3.004402420316912e-19
4162,3.0029241073714507e-19
2147B,2.9919556556373904e-19
6312,2.980636571214868e-19
5155,2.979791769012386e-19
5018F,2.972295586767041e-19
2134,2.950350104214675e-19
2764G,2.9307176626743933e-19
8421,2.9136911326258785e-19
8794,2.9097944389437896e-19
9679,2.8823847164385003e-19
8081,2.8810859451875287e-19
5275F,2.8737339143808494e-19
4055G,2.8682684856830187e-19
1099,2.859797721176747e-19
2162,2.842525765212633e-19
9606,2.8145016070472163e-19
8342,2.782663652724107e-19
8783,2.76389589039934e-19
1118B,2.7359077610227117e-19
3814,2.727877439908841e-19
3661,2.7278247663526317e-19
5520F,2.7121972124400874e-19
4169,2.705036496451403e-19
2116B,2.69886399359434e-19
5016F,2.6908467014515695e-19
8692,2.673725659185198e-19
9658,2.6560210656434046e-19
6438,2.643216847040428e-19
3805,2.6202736948805755e-19
1252,2.5865250725156136e-19
5254,2.5595210648169387e-19
5359,2.5386232923854797e-19
5554,2.537674420341931e-19
5212,2.510637185163852e-19
2027,2.5009329154140843e-19
1727,2.4619279820310407e-19
8702,2.4402305674264127e-19
2119,2.4358410078528906e-19
1744,2.4145127479511716e-19
1042,2.410212522305129e-19
2112,2.3778618647433845e-19
8071,2.346376906775674e-19
3619B,2.343392071751024e-19
1779,2.3313807047731275e-19
2545,2.330333358587341e-19
5405,2.3265186748978617e-19
1254,2.3015503993358674e-19
1047F,2.2913920616579166e-19
9783,2.2875601183711605e-19
5784F,2.230317750472754e-19
1821,2.212110349142958e-19
1308G,2.2112042793642957e-19
2746,2.193868037512487e-19
1310,2.1903941186291846e-19
5704F,2.184575753770732e-19
5226F,2.1595437284397307e-19
8814,2.1469828577432127e-19
9680,2.13446826071046e-19
1223,2.129342420016621e-19
1939,2.1244526105410854e-19
5905,2.1081809025203823e-19
5420F,2.0973322264589566e-19
2605,2.07970892675263e-19
4116,2.0794814116042084e-19
1768,2.0782909894606e-19
2163,2.058905583480028e-19
1788B,2.024927363004501e-19
7222,1.9788525000165218e-19
2077,1.9756824529925481e-19
8201,1.9613466084819755e-19
0712F,1.9148028189317237e-19
6475F,1.9082203442442456e-19
5798F,1.9021387172762855e-19
5911B,1.901536891826079e-19
2142,1.8897120098564328e-19
6004,1.8625039323735256e-19
5785F,1.8537674642516576e-19
5830F,1.8455746707961308e-19
5776,1.824286508275051e-19
2607,1.8142696786264184e-19
1641,1.7801263155984637e-19
1657,1.7456232171756497e-19
2146,1.7430187874738503e-19
5516,1.6967636600744827e-19
1143,1.6639713496617386e-19
1722,1.6160257965874365e-19
8442,1.614250614450043e-19
5269F,1.604529064777289e-19
1666,1.600808889573558e-19
6310F,1.5997390872166934e-19
0906,1.596084408104195e-19
1116,1.5777346267296287e-19
2548F,1.5734197981477738e-19
9786,1.5729146627967675e-19
1866,1.5640583465233222e-19
1669,1.5387931429126673e-19
2014,1.5026698450433743e-19
8682,1.495149828012965e-19
3457,1.4662791234975881e-19
5057,1.465732677580229e-19
8072,1.4294064919289817e-19
5423,1.420578383034357e-19
5315,1.4187710255171267e-19
7223,1.4041667899287742e-19
8824,1.3867491388839086e-19
5856,1.3808730606965858e-19
3851,1.3634892104725637e-19
9605,1.353630175070279e-19
1625,1.3520226385185315e-19
2668,1.3499065937348203e-19
9627,1.3413630699551372e-19
5008F,1.3379546727371893e-19
1222,1.335270964022072e-19
5501,1.3160394253502056e-19
6361,1.311655876894012e-19
5258,1.3090984266262932e-19
5920H,1.2946775867358446e-19
6705F,1.2904167122186893e-19
4110,1.260340615346027e-19
2069,1.2333081156806687e-19
5409,1.2029492575522298e-19
8441,1.1999228959932267e-19
9056F,1.172528041330885e-19
5116,1.1658806094423205e-19
1377,1.1626369820645407e-19
6120,1.1064640069333178e-19
8711,1.095293844847694e-19
6114F,1.0917123983607987e-19
2166F,1.0856804914443606e-19
1659,1.0783169354392054e-19
5228F,1.0753494741296149e-19
4002G,1.0611470405259861e-19
5421,1.0569155538513532e-19
1606,1.0445438737335978e-19
5453,1.033605922540632e-19
9851,1.0277100805405324e-19
2396B,1.0157649072056976e-19
5168,1.0111794356318473e-19
1368,1.0028317943922299e-19
1191,1.0001704366865431e-19
1381,9.991788252513811e-20
2120,9.943494690897131e-20
3815,9.825380931367188e-20
9677,9.714750044738119e-20
5104F,9.354352172637022e-20
2384,9.173058949758939e-20
1380,9.161892439473001e-20
1307,9.091032459916986e-20
8132,8.968907390045736e-20
3850,8.843990536076889e-20
4297,8.798772697165171e-20
2286G,8.656574111408455e-20
2109B,8.250005200717295e-20
1096,8.068141844881212e-20
6121F,8.029061142144872e-20
0511,7.961066508573055e-20
7565,7.879796270253681e-20
3573,7.687009307828381e-20
1065,7.562425678542002e-20
1375,7.397042934486709e-20
3860,7.330530249766711e-20
8834,7.236381018172642e-20
5298,7.191044947465497e-20
5825,7.1610659927997e-20
3508F,7.153779344214023e-20
1635,7.126057630338436e-20
4229,7.113552651340835e-20
1414,7.086353735466433e-20
1390,6.909783725084811e-20
3077,6.780105094076884e-20
2667F,6.77576545519668e-20
5024,6.727063189555343e-20
5221F,6.694552015071376e-20
3312,6.692214610258492e-20
2803,6.465884673498184e-20
5105,6.459201152771623e-20
8302,6.178111479760277e-20
5523,6.07406361345366e-20
1094,6.072596158145144e-20
1617,5.94056883599738e-20
1190,5.927978391630889e-20
1736,5.712598730605435e-20
3859,5.665550379625611e-20
8471,5.566294698645993e-20
3284,5.534460302860677e-20
3633C,5.390871041087851e-20
1313,5.0189709464481717e-20
5284F,4.9966992315326277e-20
1382,4.9950331737351367e-20
4299,4.979866781724083e-20
1822,4.8560555010866843e-20
1875,4.852558196886918e-20
1602,4.784803674151491e-20
6308,4.7840772282275715e-20
1938,4.670433318252267e-20
4262F,4.612084347387255e-20
1239,4.4670248712963633e-20
1616,4.086457815342132e-20
1314,4.013899895278295e-20
8764,3.748502090247033e-20
1824,3.743351768390672e-20
8833,3.716930653812305e-20
5230F,3.677860102504301e-20
5422,3.6202620228398597e-20
1711,3.601506631398753e-20
4124,3.5868125400761493e-20
4602,3.5268389667036425e-20
5404,3.381190083221881e-20
6352,3.253435556371808e-20
5299F,3.240653696462129e-20
3009,3.2182149901606783e-20
3812,3.214260447186817e-20
4232,3.184407869410709e-20
5761,3.1118399915089494e-20
1119,3.0192749598994487e-20
2874,2.985370670513097e-20
2025B,2.8978801543425283e-20
5424,2.853478352672139e-20
1121,2.4544066205772238e-20
8141,2.443605063686293e-20
5701,2.4237152194151053e-20
2338F,2.2315804754234463e-20
1203,2.1391021412861744e-20
9169,2.0552110659999283e-20
5718,2.0170090770720636e-20
3810,1.8166899650003914e-20
2143B,1.6625200842845083e-20
2747,1.492286585373384e-20
5056,1.3109225668157334e-20
2730,1.259152203416108e-20
1446,9.86972836685493e-21
5518,9.423390809515152e-21
7995,8.891610633356569e-21
2103,8.819969929730344e-21
1384,7.28641568836488e-21
3008,6.95003225202884e-21
2096,5.876938786817407e-21
1668,4.4706495881676184e-21
5454F,4.4165549631637956e-21
5107B,2.9244883828737602e-21
5952F,2.8700284427395844e-21
5797F,1.6898498953403103e-21
3257F,1.4975717716867462e-21
6364F,8.822257015027396e-22
6812,7.197454426757037e-23
4502F,-4.055397845533594e-23
2383,-6.72249341266349e-22
5041F,-1.2410797525192283e-21
5317G,-1.3829011563086618e-21
1732,-1.7378853091925484e-21
1059,-2.7790349267891427e-21
9952G,-5.769973371870627e-21
8803,-6.028095692041916e-21
1290,-6.55839049896505e-21
5001F,-8.437053821078217e-21
1823,-9.405503145577235e-21
8733,-1.0026316669472875e-20
4265,-1.0493785481611716e-20
0472,-1.2351748243613946e-20
5524,-1.248313948015411e-20
1066,-1.321465200999012e-20
9561,-1.4037267225007257e-20
2857C,-1.624889052934653e-20
6443,-1.6941584912983637e-20
6485G,-1.8415189522367838e-20
7501,-1.8506963463437505e-20
1664,-1.9322265799494326e-20
9972F,-1.9888386359744457e-20
5601,-2.0363816413507765e-20
1383,-2.086742696642667e-20
9058F,-2.2687424297421272e-20
5466,-2.329545988411829e-20
4501F,-2.6133295920908654e-20
5874F,-2.6280187407794654e-20
1984G,-2.672402614302072e-20
4207,-2.7018243919758437e-20
1857,-3.0104512578643415e-20
8823,-3.252454364765866e-20
5040,-3.391933148677101e-20
3513,-3.413306924846235e-20
5102,-3.7195909405335855e-20
1944,-3.743535329784092e-20
5953F,-3.7436047401681205e-20
2136,-3.788927196024992e-20
1961B,-3.982705253610242e-20
8292,-4.0170679955772346e-20
2745,-4.109641636352811e-20
6313,-4.12105454736803e-20
2743,-4.182297714265017e-20
1388,-4.233144742387228e-20
4277,-4.240382854099019e-20
5834F,-4.258301632444131e-20
1935,-4.36876866138929e-20
5408,-4.382722713995244e-20
5417F,-4.620222765056468e-20
2867,-4.6340413858463823e-20
6486G,-4.6758111464154566e-20
1638B,-4.709619729611864e-20
8825,-4.856880816682669e-20
5298F,-4.891512923727341e-20
9632,-5.047240564968462e-20
2379,-5.0869094221749713e-20
2158B,-5.182710335402135e-20
5009G,-5.243183103156592e-20
5860,-5.261874096841407e-20
9753,-5.342022263549829e-20
4230,-5.4014003797206374e-20
1387,-5.628978821770264e-20
4957,-5.670413411329701e-20
2636F,-5.735274583499689e-20
9634,-5.762601865099868e-20
1466,-5.904125223300924e-20
6809F,-6.02274672542068e-20
2701,-6.21006921160004e-20
1654,-6.219676648897458e-20
1965,-6.365374945512678e-20
5175,-6.451260697693055e-20
3808,-6.458125814536226e-20
1615,-6.518289830162146e-20
5916F,-6.661475744237025e-20
8101,-6.718223577405235e-20
5806,-6.718681665090908e-20
1142,-6.837830464646641e-20
5174,-6.985390002198754e-20
1620B,-7.130449673450637e-20
2137,-7.143179714467607e-20
1627,-7.260163216254742e-20
3800,-7.274315858938212e-20
1236,-7.30685090707131e-20
2537F,-7.323416102824171e-20
1010,-7.377577304228582e-20
2150,-7.510395055437069e-20
5451F,-7.56310982455555e-20
1014,-7.703454523857494e-20
2117B,-7.781886600815578e-20
3335F,-7.908672280648135e-20
5795F,-8.46497467226269e-20
1865,-8.562240452731842e-20
6175,-8.644140582352248e-20
2009,-8.649515492311961e-20
8142,-8.691050371020561e-20
6648F,-8.954891081935821e-20
2594,-9.139626431009661e-20
5210,-9.299783002455315e-20
5779,-9.447860089242917e-20
2404F,-9.516331930312543e-20
5659,-9.567221665450638e-20
5528F,-9.664945987691706e-20
6552,-9.724740870268198e-20
1060,-9.726634808553402e-20
1105,-9.88489874038449e-20
3337F,-9.904402587413992e-20
1304,-1.0015775717428451e-19
2118B,-1.0022714761008766e-19
2424,-1.0099431144660306e-19
6421F,-1.01912654427041e-19
3087,-1.0294905255018663e-19
8732,-1.0372367446546969e-19
5470,-1.0385039955553455e-19
2260F,-1.0607384366320674e-19
2539F,-1.0610912757873597e-19
1095,-1.0639496830468278e-19
1306,-1.0722820820970448e-19
5833F,-1.11265197000684e-19
6857,-1.1223681225859542e-19
9681,-1.1256130630724684e-19
3611F,-1.1340333423604776e-19
1628,-1.1489954281847194e-19
2729,-1.1673714504611843e-19
5517,-1.1726118112345118e-19
3802,-1.1889562204569385e-19
1601,-1.1891285854320557e-19
4268,-1.2094000390348094e-19
9986F,-1.212608572424748e-19
8151,-1.234488865414521e-19
6100,-1.2611210395952382e-19
1631,-1.2990444629126567e-19
9164,-1.301090701404065e-19
2749,-1.3016814980507047e-19
2144,-1.3187300603559817e-19
8012,-1.3226392534357417e-19
4206B,-1.3241045316718563e-19
1872B,-1.3283172298099468e-19
5921G,-1.3550582518547707e-19
8261,-1.3739556584476011e-19
5072,-1.3818521006960427e-19
2902,-1.389575550740447e-19
4115,-1.394143840837499e-19
2318G,-1.400676303550246e-19
5509,-1.4104328490443675e-19
5449F,-1.4144800649012227e-19
1108,-1.4149307902825776e-19
8763,-1.4254216876193575e-19
1605,-1.4472817923258e-19
1102A,-1.4750443332299534e-19
2849,-1.482032903860004e-19
8773,-1.4858933862944245e-19
5510,-1.4964999536619891e-19
5832F,-1.52620137296278e-19
3456,-1.5843052873044568e-19
5531,-1.5910493385564193e-19
0711F,-1.5933974263630878e-19
1061,-1.6091810377948416e-19
5906,-1.62429199710547e-19
5225F,-1.6265063430774345e-19
5159F,-1.640970613789692e-19
8651,-1.64228114897753e-19
5512,-1.6446741499071215e-19
1226,-1.6515899970865105e-19
8011,-1.6529325615869662e-19
1746,-1.659478511606515e-19
2851F,-1.6616714891835256e-19
1209,-1.6690774472721266e-19
5759F,-1.688611908970355e-19
1640B,-1.7289472403853024e-19
1278,-1.72970152204659e-19
3317,-1.7327373717231605e-19
1629,-1.7495678531028802e-19
1964F,-1.7577232498602314e-19
5525,-1.7938267578177183e-19
5551,-1.7946085537462754e-19
7225,-1.7984194280740563e-19
9784B,-1.836027447726923e-19
6804F,-1.8396985829381528e-19
4601,-1.8442498094081694e-19
6866F,-1.8677184615832399e-19
2742,-1.9101762149296715e-19
4599,-1.9186500434408354e-19
1936,-1.919972594008705e-19
2519,-1.924583380028148e-19
5256F,-1.9711027701837244e-19
1069,-1.9969981370698396e-19
3263F,-2.010809228911153e-19
4002B,-2.0195097992608439e-19
2601,-2.0275913567992306e-19
1777B,-2.029593680812353e-19
2586,-2.0377690737204612e-19
5025,-2.03897008740716e-19
2741,-2.047082622943081e-19
1868,-2.0513883585884754e-19
4261,-2.0516876129174367e-19
8672,-2.0529975633975886e-19
8252,-2.0532876947892802e-19
8162,-2.075881371235445e-19
6308F,-2.0903218165381316e-19
1599,-2.0959880687397665e-19
8241,-2.1177839766008604e-19
9683,-2.1307614258092902e-19
5757F,-2.1309842114248326e-19
6481,-2.1320392218459927e-19
2900F,-2.1393449470783057e-19
5559,-2.1592855539791465e-19
5828F,-2.1801606675743846e-19
2257G,-2.1837284817410355e-19
2841,-2.199319200433553e-19
6355F,-2.229548087617614e-19
9685,-2.2471760230785904e-19
6482,-2.2740248309660416e-19
6803F,-2.3041060288505495e-19
9787,-2.305171960369703e-19
4066F,-2.3313709182907206e-19
5273,-2.3400843924197117e-19
4003G,-2.3488248779775273e-19
2145,-2.355804802733032e-19
6356F,-2.377164246364419e-19
3007,-2.381697663196159e-19
5553,-2.4068190659597157e-19
2094,-2.427506795238687e-19
1673,-2.4396782971142417e-19
8662,-2.4586648915017338e-19
2382,-2.478853999094111e-19
2138B,-2.4815219851492577e-19
3005,-2.533715383372735e-19
4105,-2.536313188543288e-19
8131,-2.5832409041682814e-19
2159B,-2.5888706995530884e-19
2218F,-2.596793771206691e-19
1656B,-2.6414711667137567e-19
3482,-2.689035100480247e-19
6463F,-2.7179973183042884e-19
9751,-2.7280879332817493e-19
4264B,-2.7335421029797963e-19
2751,-2.756510267733799e-19
9682,-2.765135850269932e-19
5532,-2.818151896347816e-19
8401,-2.8222981038835467e-19
2808,-2.8277180734361145e-19
3853,-2.8379224712615576e-19
5801,-2.881460817731904e-19
5913,-2.888536643494703e-19
1037,-2.910200704889028e-19
5515,-2.9416225024932447e-19
4205B,-2.948315292055093e-19
4228,-2.9488353577125475e-19
5074F,-2.975607815697481e-19
4659,-2.9874635603472654e-19
4054G,-3.0096213840268956e-19
5460F,-3.017248296782485e-19
1185,-3.058167159603456e-19
8121,-3.0779294153832067e-19
1049F,-3.128515502326916e-19
8813,-3.1314501180437985e-19
5086F,-3.1677627430655214e-19
6066G,-3.1808834898480887e-19
2931F,-3.2034399922318857e-19
5308F,-3.21675234412813e-19
4298,-3.249991564577496e-19
5224F,-3.253534431367176e-19
5274F,-3.255959089808036e-19
5789F,-3.280021039247084e-19
4103,-3.314862826860382e-19
7224,-3.3232423447826104e-19
5787F,-3.342816442596719e-19
2602,-3.3554861454685577e-19
1110,-3.42098509731306e-19
8671,-3.4588411865115756e-19
5123,-3.4852519980586313e-19
8701,-3.539219559248149e-19
1046G,-3.5434646182438573e-19
5700G,-3.5683823604105256e-19
1926G,-3.5972040817953023e-19
3226F,-3.6388625671228057e-19
5271F,-3.644815833215265e-19
6474F,-3.64604943308182e-19
8722,-3.6472407674449365e-19
5066F,-3.666823536150995e-19
8681,-3.704727748195205e-19
8472,-3.8784355098635634e-19
0702,-3.8896583339063943e-19
1762,-3.8932589691368374e-19
6303,-3.8982483465854706e-19
2351F,-3.9029886143300175e-19
3014,-3.93261243647891e-19
2002,-3.9331629214051783e-19
2086,-3.9408802868024487e-19
4168,-3.9410653178048717e-19
5522,-3.9417175342484594e-19
4072B,-3.9456145748676045e-19
8311,-3.955885767000689e-19
2425,-3.973158670682741e-19
5158,-3.9784119002413773e-19
2604F,-3.9786787261427147e-19
8661,-3.9845765474758673e-19
1048F,-3.986844918717036e-19
2755B,-4.0083845794436784e-19
8272,-4.0468036873068314e-19
5121F,-4.0588894187495103e-19
1343,-4.090927673236686e-19
5211,-4.122797910906163e-19
6858G,-4.148050055881301e-19
6258F,-4.1626787428397766e-19
0705,-4.1644535984597277e-19
5426,-4.1951817297264807e-19
5530,-4.2042970188868144e-19
6413F,-4.2294103388591885e-19
2801,-4.2367918985435663e-19
5555,-4.2658136495901926e-19
5853G,-4.2718944863020985e-19
8062,-4.3032478078600267e-19
5165,-4.3251844393962883e-19
2334F,-4.357920667342338e-19
5270F,-4.41232063093349e-19
0616,-4.45462177365942e-19
8222,-4.501916688997605e-19
5068F,-4.522291948981324e-19
8161,-4.582719275281292e-19
6418G,-4.61888663992884e-19
2807,-4.660123008770169e-19
2200F,-4.660441195823454e-19
5908,-4.699596937561647e-19
8112,-4.752540352273275e-19
6808G,-4.754974304540018e-19
1764,-4.756897041358976e-19
5020,-4.758128526547318e-19
5174F,-4.7589672958406e-19
8372,-4.771896870205686e-19
6165,-4.844045120614402e-19
4658,-4.868051423025662e-19
5474,-4.871969293909541e-19
5792F,-4.874902565410049e-19
5220F,-4.894729063141712e-19
5222F,-4.89851696212788e-19
8152,-4.905419437459937e-19
0722,-4.913024692868744e-19
5253,-4.935873803962358e-19
5053B,-4.987270414671951e-19
6428F,-5.009705165692675e-19
8041,-5.03336411672214e-19
2544F,-5.059090989540376e-19
2165F,-5.115957335133948e-19
3607,-5.13703147773872e-19
8742,-5.15160017208004e-19
6434F,-5.210442660009686e-19
8212,-5.2157623125317975e-19
5783F,-5.222827447389748e-19
0516,-5.239309905687811e-19
4165,-5.250668863517419e-19
9969F,-5.301723874805782e-19
5529,-5.355776619016893e-19
6422F,-5.386809648652396e-19
8382,-5.409963486434345e-19
5910,-5.420993969571307e-19
4058F,-5.458695475791615e-19
8432,-5.461704142361011e-19
8251,-5.470811594880124e-19
2875,-5.509465108587623e-19
5521,-5.627289398882674e-19
5831F,-5.695889799630852e-19
8351,-5.726467806914564e-19
6157F,-5.732360559432106e-19
5533,-5.748846911566794e-19
1884,-5.783505839856333e-19
6654F,-5.793050803275854e-19
5307H,-5.793979230520827e-19
5781F,-5.796984754973792e-19
8741,-5.8566689165738955e-19
2380F,-5.864236367332233e-19
0089,-5.923365240182394e-19
2285G,-5.930276612067907e-19
3253F,-6.022607745353541e-19
5786F,-6.038801457078729e-19
2635F,-6.042875920513528e-19
3608,-6.055050966442985e-19
6155F,-6.079374223365267e-19
6430F,-6.145200339540236e-19
6805,-6.155783305645542e-19
4053G,-6.158153429468177e-19
6122,-6.163458145488775e-19
4059F,-6.202249768718136e-19
5427,-6.270700279497011e-19
2866,-6.287174326689094e-19
8291,-6.329498825768808e-19
5021,-6.363071586680284e-19
8744,-6.388574789183505e-19
8262,-6.397078987692361e-19
4263F,-6.489592337778034e-19
5059,-6.548858130396883e-19
5794F,-6.558597644180719e-19
4600,-6.561513979934374e-19
8402,-6.589414169862063e-19
8691,-6.610946140327105e-19
5022,-6.616256633830838e-19
5917F,-6.641658691010364e-19
4022,-6.696614782112964e-19
5715F,-6.704584835917164e-19
6424F,-6.726588133823001e-19
5064,-6.748835526939259e-19
1829,-6.785008673091643e-19
5791F,-6.786751821875636e-19
3610F,-6.846094753080393e-19
5839F,-6.907221964678101e-19
6653F,-6.953758045491847e-19
2637F,-6.999099403393597e-19
1289,-7.000847184527962e-19
0506,-7.005238768987142e-19
2584B,-7.033218807325007e-19
6409F,-7.058909363762163e-19
8331,-7.091079479792184e-19
8122,-7.167478204097774e-19
2960F,-7.17290793128889e-19
6174F,-7.249793577057884e-19
6070,-7.319998217128563e-19
2971F,-7.392671848771736e-19
0601,-7.4788677777160945e-19
2847,-7.575064752088423e-19
2823B,-7.633540189862549e-19
2132,-7.730448209710225e-19
5793F,-7.794481416834978e-19
5556,-7.874894827919125e-19
6177F,-8.038195681100648e-19
3338F,-8.24651284496577e-19
6071,-8.407939965251283e-19
8352,-8.640990992060993e-19
3371F,-8.672461745066827e-19
5467,-8.686440213732156e-19
5503,-8.734532593136461e-19
6153,-8.782535422727798e-19
8412,-8.81291016209126e-19
2331F,-8.936205209646871e-19
0501,-8.958435560777633e-19
6309F,-8.969388269907669e-19
2217F,-8.972775704137678e-19
5015,-9.04313149910433e-19
6420G,-9.126431054454241e-19
5872,-9.237401430170194e-19
6365,-9.43617292256503e-19
6008,-9.499677788395688e-19
5562,-9.686150717503864e-19
5824,-9.704920368551507e-19
6357F,-1.0119808167273066e-18
6353F,-1.0237639765164896e-18
5403,-1.0406388862243555e-18
6302,-1.0495454733709788e-18
2766,-1.0498757622712367e-18
3612F,-1.052939225817699e-18
5060,-1.0585759971931704e-18
6099,-1.0640899125567965e-18
6304,-1.0696320597518175e-18
5219F,-1.0809028720780976e-18
8754,-1.0936821776059905e-18
5504,-1.0999984672090375e-18
6608G,-1.1074254740691331e-18
6453,-1.1188093399288329e-18
5758F,-1.1195228325036722e-18
6166,-1.1536529452113629e-18
6810,-1.1906966414645849e-18
8341,-1.247424186103525e-18
5281G,-1.2482871133884465e-18
5026,-1.2534127353370521e-18
0723,-1.2567736822704174e-18
6412F,-1.2585168428098123e-18
5361F,-1.274000309577766e-18
1805F,-1.2771406109043561e-18
8052,-1.2896187095486323e-18
6158H,-1.2989530950881904e-18
0816,-1.3144387377532744e-18
6171,-1.3147714060887916e-18
6178,-1.352497996625439e-18
5011F,-1.3568459428191473e-18
5007F,-1.3707703849362216e-18
6009,-1.4267296879326127e-18
6651,-1.4457081470905715e-18
2726F,-1.4495000046183807e-18
2401F,-1.4549423405436898e-18
8312,-1.48477097353599e-18
3481,-1.5689945401407549e-18
6860G,-1.5816040536040498e-18
5803G,-1.5828085522518257e-18
5462F,-1.6171644586389744e-18
3480,-1.6813359404281996e-18
5459F,-1.7223403412512422e-18
2879F,-1.7303083522585939e-18
8301,-1.8677574536554735e-18
5472,-1.888641153353456e-18
5264F,-1.9256934954894445e-18
8322,-1.9617886972668112e-18
5711F,-1.9741321535462897e-18
6504,-2.319074269021048e-18
5090F,-2.5089044935649237e-18
3321,-2.6534569830112837e-18
5039,-2.8649648748060463e-18
0529,-3.0067396293841057e-18
5468,-3.0230217133598224e-18
2397F,-3.2062436757765232e-18
6260F,-3.4209842870805972e-18
5170,-3.56607620454708e-18
5762,-3.7463260828097855e-18
5413F,-3.786382874827892e-18
5092F,-4.132741904773198e-18
5093F,-4.298052559696505e-18
5352,-4.4991461235107425e-18
6012G,-4.578356061944952e-18
6459G,-4.886464000431973e-18
5312,-4.947452854553573e-18
6419F,-5.0205464224489996e-18
5804G,-5.3120536443808335e-18
0826,-5.379219081976311e-18
5267,-5.682862609962999e-18
5105F,-6.3534799258403394e-18
5414F,-6.909501901214661e-18
0901,-7.118220169649797e-18
5865,-7.123592521648275e-18
5765F,-7.764553892634731e-18
5311,-9.564019993743184e-18
6201F,-1.0706109936552278e-17
1306F,-1.1129282601689126e-17
1236F,-1.12995996721082e-17
1199F,-1.2424070540063047e-17
5200F,-1.2979020628138535e-17
5205,-1.4018280691977976e-17
2786F,-1.414819731696074e-17
5108,-1.5171653986875325e-17
5266F,-1.5526098937166084e-17
1687F,-4.5279105097398284e-17
2720F,-4.5597105219168364e-17
1692F,-6.568336441752675e-17
1689F,-1.927554864064252e-16
1695F,-2.1164463657477404e-16
1693F,-2.2225829744051106e-16
1691F,-3.018870535161706e-16
